ID,Sitio,Nombre del lugar,Municipio,Valoración,Fecha,texto,real,pred_texto,confianza,pred_final,n_pal,lugar_visto,año,categoria_sugerida,rasgos,categoria,hipotesis
257,Foursquare,Philadelphia,Sincelejo,6.9/10,"Diciembre 1, 2011",La hamburguesa ranch es deliciosa,neutral,positivo,0.99306375,neutral,5,True,2011.0,"Foursquare cerca del umbral: lugares de 6,x y 7,x no se distinguen por el texto",,error de etiqueta,"Elogio directo ('es deliciosa'); el local tiene 6.9/10, a una décima del umbral."
285,Foursquare,Centro Comercial VIVA,Sincelejo,6.8/10,"Junio 2, 2014",Un centro comercial decente en sincelejo!,neutral,positivo,0.9920065,neutral,6,True,2014.0,"Foursquare cerca del umbral: lugares de 6,x y 7,x no se distinguen por el texto",,sesgo de plataforma,"Valoración tibia ('decente'), compatible con 'neutral'; el modelo predice 'positivo' porque casi todo Foursquare lo es."
294,Foursquare,Centro Comercial VIVA,Sincelejo,6.8/10,"Enero 6, 2011","hamburguesas el corral, helados popsy",neutral,positivo,0.9917482,neutral,5,True,2011.0,"Foursquare cerca del umbral: lugares de 6,x y 7,x no se distinguen por el texto",,no es una reseña,"Lista de locales, sin opinión."
308,Foursquare,Lile's Pizza,Sincelejo,6.7/10,"Enero 15, 2014",Deliciosa las pizzas mejor pedirlas combinadas!,neutral,positivo,0.99119675,neutral,6,True,2014.0,"Foursquare cerca del umbral: lugares de 6,x y 7,x no se distinguen por el texto",,error de etiqueta,Elogio claro de la comida; la etiqueta 'neutral' viene del 6.7/10 del local.
256,Foursquare,Philadelphia,Sincelejo,6.9/10,"Noviembre 7, 2011",Te recomiendo la hamburguesa. Buenísima,neutral,positivo,0.9902732,neutral,5,True,2011.0,"Foursquare cerca del umbral: lugares de 6,x y 7,x no se distinguen por el texto",,error de etiqueta,Recomendación directa ('Buenísima'); el local tiene 6.9/10.
258,Foursquare,Philadelphia,Sincelejo,6.9/10,"Agosto 22, 2015",La philamburguer ranchera,neutral,positivo,0.9897662,neutral,3,True,2015.0,"Foursquare cerca del umbral: lugares de 6,x y 7,x no se distinguen por el texto",muy corta,no es una reseña,"Nombre de un plato, sin opinión. Con tres palabras el modelo aplica la clase mayoritaria de Foursquare."
1080,Tripadvisor,Covenas Diving Co.,Coveñas,5.0/5,5 de agosto de 2019,¡Seguro que muy pronto lo harás!,neutral,positivo,0.98901796,neutral,6,True,2019.0,Tripadvisor tomada por Foursquare: reseña breve o informal que 'suena' a positiva,,no es una reseña,"Respuesta del negocio a un cliente, no la opinión de un visitante. Breve y cordial: se parece a un texto de Foursquare."
319,Foursquare,Hamburguesas El Corral,Sincelejo,6.4/10,"Febrero 28, 2012",buenas hamburguesas.,neutral,positivo,0.98859954,neutral,2,True,2012.0,"Foursquare cerca del umbral: lugares de 6,x y 7,x no se distinguen por el texto",muy corta,error de etiqueta,Dos palabras favorables; el local tiene 6.4/10.
307,Foursquare,Lile's Pizza,Sincelejo,6.7/10,"Enero 5, 2014","Recomiendo pizza lomo Stroganoff, pepperoni especial y liles especial",neutral,positivo,0.98733145,neutral,9,True,2014.0,"Foursquare cerca del umbral: lugares de 6,x y 7,x no se distinguen por el texto",,error de etiqueta,Recomendación de platos concretos; el texto es favorable y la etiqueta sale del 6.7/10.
261,Foursquare,Playas De La Primera Ensenada,Coveñas,6.9/10,"Septiembre 5, 2012","Feas playas, mejor la segunda ensenada, en Punta de Piedra....",neutral,positivo,0.98732984,neutral,10,False,2012.0,"Foursquare cerca del umbral: lugares de 6,x y 7,x no se distinguen por el texto",lugar no visto en train,crítica no detectada,"Crítica explícita ('Feas playas') predicha 'positivo' con 0.99: pesa el estilo de Foursquare, no el contenido."
296,Foursquare,Pitufilandia,Corozal,6.8/10,"Agosto 13, 2013",Si vienes a Corozal esta visita no puede faltar....recomendados todos!!,neutral,positivo,0.98728555,neutral,10,True,2013.0,"Foursquare cerca del umbral: lugares de 6,x y 7,x no se distinguen por el texto",negación,error de etiqueta,Recomendación entusiasta. El lugar tiene 6.8/10 y queda bajo el umbral de 7; el modelo asocia el estilo breve de Foursquare con 'positivo'.
943,Tripadvisor,Covenas Diving Co.,Coveñas,5.0/5,23 de diciembre de 2023,¡Gracias Yeferson por tu comentario! ¡¡Nos vemos pronto para el DiveMAster!,neutral,positivo,0.9859552,neutral,11,True,2023.0,Tripadvisor tomada por Foursquare: reseña breve o informal que 'suena' a positiva,,no es una reseña,"Respuesta del negocio a un cliente, no la opinión de un visitante. Breve y cordial: se parece a un texto de Foursquare."
293,Foursquare,Centro Comercial VIVA,Sincelejo,6.8/10,"Agosto 14, 2014",Poca variedad,neutral,positivo,0.98170596,neutral,2,True,2014.0,"Foursquare cerca del umbral: lugares de 6,x y 7,x no se distinguen por el texto",muy corta,crítica no detectada,Queja de dos palabras ('Poca variedad') predicha 'positivo' con 0.98.
287,Foursquare,Centro Comercial VIVA,Sincelejo,6.8/10,"Junio 23, 2013",Se nota el progreso en Sincelejo. Que bueno.,neutral,positivo,0.98158604,neutral,8,True,2013.0,"Foursquare cerca del umbral: lugares de 6,x y 7,x no se distinguen por el texto",,error de etiqueta,Comentario favorable sobre la ciudad; la etiqueta sale del 6.8/10.
288,Foursquare,Centro Comercial VIVA,Sincelejo,6.8/10,"Diciembre 22, 2013",Super chevereee muy bn,neutral,positivo,0.9811736,neutral,4,True,2013.0,"Foursquare cerca del umbral: lugares de 6,x y 7,x no se distinguen por el texto",,regionalismo,"Registro informal y regional ('Super chevereee muy bn'), favorable; la etiqueta 'neutral' sale del 6.8/10."
881,Tripadvisor,Plaza de Majagual,Sincelejo,3.5/5,17 de septiembre de 2014,"La Plaza de Majagual es la plaza central de Sincelejo. Muy antigua pero ahora reformada, esta Plaza cuenta la historia de la ciudad. Donde se hacían los fandangos, donde la gente se reunía y donde los amigos se encontraban. Allí se conseguía el famoso peto de Eliezer. Hoy día, totalmente reformada, es muy agradable para pasar un buen rato y sentarse a hablar con los residentes locales, que te contarán con mayor orgullo la historia de la Plaza y de Sincelejo. Fantástica para que los turistas la conozcan.",negativo,neutral,0.98103917,negativo,88,True,2014.0,Etiqueta por el lugar: reseña favorable de un lugar con valoración baja,,error de etiqueta,Reseña favorable de la Plaza de Majagual. La etiqueta 'negativo' sale del 3.5/5 del lugar; nada en el texto describe una mala experiencia.
312,Foursquare,Lile's Pizza,Sincelejo,6.7/10,"Agosto 11, 2014",Las pizzas de,neutral,positivo,0.9757639,neutral,3,True,2014.0,"Foursquare cerca del umbral: lugares de 6,x y 7,x no se distinguen por el texto",muy corta,no es una reseña,"Fragmento cortado en el origen ('Las pizzas de'), sin opinión. Se clasifica solo por parecer de Foursquare."
361,Tripadvisor,Isla Múcura,San Onofre,4.5/5,9 de julio de 2018,"Para visitar. Snorkeling y comida marina son los dos atractivos para viajeros solitarios, la accesibilidad es difícil pero vale la pena",neutral,positivo,0.9674547,neutral,21,True,2018.0,Tripadvisor tomada por Foursquare: reseña breve o informal que 'suena' a positiva,,reseña mixta,Señala la dificultad de acceso y concluye que vale la pena.
946,Tripadvisor,Covenas Diving Co.,Coveñas,5.0/5,3 de enero de 2022,"Hola Sara, gracias por tus comentarios. Siempre bienvenida!!!",neutral,positivo,0.96423775,neutral,8,True,2022.0,Tripadvisor tomada por Foursquare: reseña breve o informal que 'suena' a positiva,,no es una reseña,"Respuesta del negocio a un cliente, no la opinión de un visitante. Breve y cordial: se parece a un texto de Foursquare."
295,Foursquare,Pitufilandia,Corozal,6.8/10,"Julio 4, 2016",De los mejores helados artesanales que se pueden encontrar,neutral,positivo,0.95667833,neutral,9,True,2016.0,"Foursquare cerca del umbral: lugares de 6,x y 7,x no se distinguen por el texto",,error de etiqueta,Elogio ('de los mejores helados'); el lugar tiene 6.8/10.
869,Tripadvisor,Plaza de Majagual,Sincelejo,3.5/5,5 de enero de 2016,"Visité la plaza de Majagual en Sincelejo con mis padres y hermano, sitio muy bonito, relativamente cerca al centro. La plaza tiene una fuente la cual no funciona en este momento, pero su arquitectura es bonita, y tiene algunos sitios de comida cercanos. En este lugar se hacen eventos importantes de Sincelejo.",negativo,neutral,0.94248664,negativo,52,True,2016.0,"Negativo no detectado: texto descriptivo, sin opinión clara",negación,reseña mixta,"Favorable, con una queja puntual (la fuente no funciona)."
302,Foursquare,Subway,Sincelejo,6.7/10,"Marzo 6, 2014","Simplemente delicioso, su variedad y sabores los hacen los mejores.",neutral,positivo,0.9360948,neutral,10,True,2014.0,"Foursquare cerca del umbral: lugares de 6,x y 7,x no se distinguen por el texto",,error de etiqueta,Elogio sin reservas; la etiqueta sale del 6.7/10 del local.
215,Foursquare,Balsillas,San Onofre,7.3/10,"Enero 17, 2013",Hola Juan P. Estoy en interesado en viajar a Balsillas y alquilar algo. Tienes informacion de algun hotel o cabaña para cotizar ?? Gracias por tu colaboracion.,positivo,neutral,0.93149394,positivo,27,True,2013.0,"Foursquare cerca del umbral: lugares de 6,x y 7,x no se distinguen por el texto",,no es una reseña,"Pregunta a otro usuario sobre alojamiento, sin opinión del lugar."
886,Tripadvisor,Ecoparque Laderas de Villeros Coveñas,Coveñas,3.5/5,18 de enero de 2016,"Visité las playas de Coveñas en enero de 2016. Estuve en el hotel Puntepiedra y nadé en el mar del Golfo de Coveñas, donde el agua reposa y es cálida de color verde cristal. Recomendadísima.",negativo,neutral,0.9073343,neutral,35,True,2016.0,Etiqueta por el lugar: reseña favorable de un lugar con valoración baja,,error de etiqueta,"Recomienda las playas de Coveñas, pero está asociada a un lugar con 3.5/5: texto y etiqueta no tienen relación."
286,Foursquare,Centro Comercial VIVA,Sincelejo,6.8/10,"Junio 9, 2014","Por cierto, no es que sea la gran cosa estar aqui.",neutral,positivo,0.8979993,neutral,11,True,2014.0,"Foursquare cerca del umbral: lugares de 6,x y 7,x no se distinguen por el texto",negación,negación,Crítica con negación ('no es que sea la gran cosa'). El modelo no usa la polaridad: predice 'positivo' por ser un texto corto de Foursquare.
784,Tripadvisor,Orla de Tolu,Santiago de Tolú,4.0/5,17 de enero de 2017,"Les recomiendo playas el francés muy hermosas, y el tour para la playa totumo lo máximo, hermosísimo playas del Edén, Isla Palma Barú hermoso.",neutral,positivo,0.8968318,neutral,24,True,2017.0,Tripadvisor tomada por Foursquare: reseña breve o informal que 'suena' a positiva,,error de etiqueta,Recomendación entusiasta de varias playas; 'neutral' por la escala de Tripadvisor.
273,Foursquare,Centro Comercial VIVA,Sincelejo,6.8/10,"Marzo 6, 2014","ESTO ES LO MEJOR QUE LE A PASADO A SINCELEJO EN SU HISTORIA MÁS RECIENTE, DEFINITIVAMENTE SINCELEJO ANTES UNO Y DESPUÉS DEL VIVA OTRO, LA HISTORIA SE PARTIÓ EN 2 el antes y el después de viva.",neutral,positivo,0.89635545,neutral,37,True,2014.0,"Foursquare cerca del umbral: lugares de 6,x y 7,x no se distinguen por el texto",,error de etiqueta,Elogio enfático en mayúsculas; el centro comercial tiene 6.8/10.
194,Foursquare,Doki's comidas rápidas (Majagual),Sincelejo,7.4/10,"Enero 15, 2014","Lahamburguesaespecial (la que viene contocineta) y losdesgranados, son laespecialidad de la casa, la renovación del local le ha favorecido mucho. Muy buen lugar para probarcomida rápida.",positivo,neutral,0.8586096,positivo,26,True,2014.0,"Foursquare cerca del umbral: lugares de 6,x y 7,x no se distinguen por el texto",,texto con ruido,Palabras pegadas por el scraping y texto largo para Foursquare; se parece a una reseña de Tripadvisor.
503,Tripadvisor,Isla Múcura,San Onofre,4.5/5,3 de diciembre de 2013,"El Hotel Punta Faro espectacular La atención A1, la playa es privada de arena blanca y mar turquesa, me gustó más que Punta Cana y San Andrés.",neutral,positivo,0.85570747,neutral,27,True,2013.0,Tripadvisor tomada por Foursquare: reseña breve o informal que 'suena' a positiva,,error de etiqueta,Elogio comparativo ('me gustó más que Punta Cana'); 'neutral' por la escala de Tripadvisor.
856,Tripadvisor,Plaza de Majagual,Sincelejo,3.5/5,4 de febrero de 2018,"Es un referente turístico. Mencionada en las canciones del inolvidable Joe Arroyo. Allí se celebran actos culturales, especialmente en las festividades del 20 de enero. La estructura y diseño es agradable. La administración municipal debería cuidarla más.",negativo,neutral,0.85551256,negativo,37,True,2018.0,"Negativo no detectado: texto descriptivo, sin opinión clara",,reseña mixta,Descripción favorable con una crítica final ('debería cuidarla más'); el tono general no es negativo.
879,Tripadvisor,Plaza de Majagual,Sincelejo,3.5/5,9 de noviembre de 2014,"Según la época del año se dice que se encuentran allí diferentes eventos, cuando la visitamos en enero había grupos de música vallenato y otros de música regional. Es una plaza muy amplia, a su alrededor es fácil encontrar lugares de comida y café, es una plaza para eventos públicos y siempre hay algo que ver.",negativo,neutral,0.851533,negativo,56,True,2014.0,"Negativo no detectado: texto descriptivo, sin opinión clara",,error de etiqueta,Descripción favorable de la plaza y sus eventos; la etiqueta 'negativo' sale del 3.5/5 del lugar.
183,Foursquare,Parrilla Bar,Sincelejo,7.6/10,"Julio 30, 2015","Elsolomillorecomendado,lomodel chef tambien. Lasyucascomsuero costeñoque dan de entrada. Buen ambiente ybuen servicio.",positivo,neutral,0.81729716,positivo,12,True,2015.0,"Foursquare cerca del umbral: lugares de 6,x y 7,x no se distinguen por el texto",,texto con ruido,Palabras pegadas ('Elsolomillorecomendado'): el tokenizer las fragmenta y se pierde el vocabulario favorable.
866,Tripadvisor,Plaza de Majagual,Sincelejo,3.5/5,6 de abril de 2016,"Si llegas por Sincelejo no olvides visitar la tradicional Plaza de Majagual. Encuentras variedad de comidas, una arquitectura que mezcla lo tradicional con lo moderno y un lugar de encuentro para visitantes y residentes.",negativo,neutral,0.80250835,negativo,34,True,2016.0,"Negativo no detectado: texto descriptivo, sin opinión clara",negación,error de etiqueta,Reseña favorable de la Plaza de Majagual. La etiqueta 'negativo' sale del 3.5/5 del lugar; nada en el texto describe una mala experiencia.
880,Tripadvisor,Plaza de Majagual,Sincelejo,3.5/5,7 de octubre de 2014,"La famosa y monumental plaza de Majagual, adornada con hermosos espejos de agua y fuentes, y qué decir del monumento a Pola Becté. Recomendado.",negativo,neutral,0.78592646,negativo,24,True,2014.0,Etiqueta por el lugar: reseña favorable de un lugar con valoración baja,,error de etiqueta,Reseña favorable de la Plaza de Majagual. La etiqueta 'negativo' sale del 3.5/5 del lugar; nada en el texto describe una mala experiencia.
37,Foursquare,Playas de Coveñas,Coveñas,8.8/10,"Mayo 30, 2013","Muy mal elestadode las vías. Los buenosrestaurantesretirados del casco urbano. Definitivamente para un fin de semana, en planfamiliary con transporte propio.",positivo,neutral,0.72820324,positivo,21,True,2013.0,"Foursquare cerca del umbral: lugares de 6,x y 7,x no se distinguen por el texto",,reseña mixta,Empieza con una queja ('Muy mal el estado de las vías') y termina recomendando; la etiqueta 'positivo' sale del 8.8/10.
177,Foursquare,Burger's lab,Sincelejo,7.6/10,"Mayo 13, 2016","La mejorhamburguesaque he probado, pero el tiempo de espera es ridículamente largo, y no lo anuncian al hacer el pedido",positivo,neutral,0.7133124,positivo,20,True,2016.0,"Foursquare cerca del umbral: lugares de 6,x y 7,x no se distinguen por el texto",negación,reseña mixta,Elogio de la comida y queja fuerte por el tiempo de espera.
876,Tripadvisor,Plaza de Majagual,Sincelejo,3.5/5,15 de abril de 2015,"La imagen de Sincelejo ante Colombia es la Plaza Majagual y las fiestas del 20 de enero, hay muchos vendedores y es muy grande, la brisa que corre es deliciosa.",negativo,neutral,0.7097049,negativo,30,True,2015.0,Etiqueta por el lugar: reseña favorable de un lugar con valoración baja,,error de etiqueta,Reseña favorable de la Plaza de Majagual. La etiqueta 'negativo' sale del 3.5/5 del lugar; nada en el texto describe una mala experiencia.
868,Tripadvisor,Plaza de Majagual,Sincelejo,3.5/5,14 de enero de 2016,"Pintoresca, muy representativa del calor y el color local... un agradable e imperdible paseo, para disfrutar.",negativo,neutral,0.68077534,negativo,16,True,2016.0,"Negativo no detectado: texto descriptivo, sin opinión clara",,error de etiqueta,Reseña favorable de la Plaza de Majagual. La etiqueta 'negativo' sale del 3.5/5 del lugar; nada en el texto describe una mala experiencia.
575,Tripadvisor,Ciénaga la Caimanera,Coveñas,4.5/5,31 de octubre de 2022,"100% recomendado el paseo por la cienaga, puedes apreciar diferente clases de garzas, caimanes, peces, diferente fauna y flora y lo mejor llegar a la casa flotante y nadar en sus aguas",neutral,positivo,0.58070356,neutral,32,True,2022.0,Tripadvisor tomada por Foursquare: reseña breve o informal que 'suena' a positiva,,error de etiqueta,'100% recomendado'; la etiqueta 'neutral' es el máximo posible en Tripadvisor.
533,Tripadvisor,Isla Múcura,San Onofre,4.5/5,8 de julio de 2015,"Increíble lugar Increíble lugar! Realmente un bonito lugar para pasar algún tiempo! Aguas nive, comida, gente agradable ... vale la pena un vsit!",neutral,positivo,0.5244899,neutral,23,True,2015.0,Tripadvisor tomada por Foursquare: reseña breve o informal que 'suena' a positiva,,texto con ruido,"Traducción automática con errores ('Aguas nive', 'vsit'); contenido favorable."
895,Tripadvisor,Golfo de Morrosquillo,Santiago de Tolú,4.5/5,9 de diciembre de 2019,"Las playas de Tintipan hermosas, tranquilas y muy bien cuidadas, aguas cristalinas, cálidas, deben mejorar la gastronomía y el servicio y serian un destino 10.",neutral,negativo,0.5235718,neutral,25,True,2019.0,Falso negativo: el texto menciona un lugar o tema que el modelo asocia a 'negativo',,reseña mixta,Elogia las playas y pide mejorar gastronomía y servicio; la parte crítica empuja a 'negativo' (0.53).
732,Tripadvisor,Playa la Coquerita,Coveñas,4.0/5,28 de abril de 2017,"Buen sitio para compartir en familia, la playa está bien ubicada y en buen estado para bañarse y pasar un día agradable.",neutral,positivo,0.50146735,neutral,22,True,2017.0,Tripadvisor tomada por Foursquare: reseña breve o informal que 'suena' a positiva,,error de etiqueta,Reseña favorable. En Tripadvisor ningún lugar llega a 'positivo': su escala termina en 5 y el umbral es 7.
468,Tripadvisor,Isla Múcura,San Onofre,4.5/5,1 de noviembre de 2014,"Paraíso Es un paraíso, las playas son espectaculares... el mar es transparente y de varios colores... es visita obligada cuando se va a Cartagena y se dispone de tiempo.",neutral,negativo,0.48317373,neutral,29,True,2014.0,Falso negativo: el texto menciona un lugar o tema que el modelo asocia a 'negativo',,predicción de baja confianza,Elogio sin reservas ('Es un paraíso'); el modelo duda (0.49) y cae en 'negativo' por efecto de los pesos de clase.
585,Tripadvisor,Ciénaga la Caimanera,Coveñas,4.5/5,10 de diciembre de 2019,Lugar espectacular dónde se vive una relajación total y un recorrido llegó de vegetación y animales de la región.,neutral,negativo,0.4659035,neutral,19,True,2019.0,Falso negativo: el texto menciona un lugar o tema que el modelo asocia a 'negativo',,predicción de baja confianza,Texto favorable con una errata; confianza 0.46.
305,Foursquare,Lile's Pizza,Sincelejo,6.7/10,"Agosto 7, 2014",Ese toque hogareño y lo exquisito de las pizzas hacen de Liles Pizza el mejor lugar para compartir en familia.,neutral,negativo,0.43075445,neutral,20,True,2014.0,Falso negativo: el texto menciona un lugar o tema que el modelo asocia a 'negativo',,predicción de baja confianza,"Texto favorable; el modelo duda (0.43) y cae en 'negativo', clase que los pesos de clase sobrerrepresentan."
300,Foursquare,Subway,Sincelejo,6.7/10,"Junio 30, 2013",Mejor atención que en Bogota. Recomendación: Chiken and Bacon Ranch Melt con Pan Caliente. De postre Galletas con Chips de Chocolates.,neutral,positivo,0.4149647,neutral,21,True,2013.0,"Foursquare cerca del umbral: lugares de 6,x y 7,x no se distinguen por el texto",,error de etiqueta,Recomendación favorable que mezcla español e inglés; confianza baja (0.41). La etiqueta sale del 6.7/10.
166,Foursquare,Arcanos,Sincelejo,7.7/10,"Diciembre 11, 2016","Muy recomendable, menú variado y buen sabor en todos los platillos, sino vienes a comer puedes tomar unacerveza heladay pasar el rato.",positivo,neutral,0.39137587,positivo,22,True,2016.0,"Foursquare cerca del umbral: lugares de 6,x y 7,x no se distinguen por el texto",,sesgo de plataforma,Favorable pero larga para Foursquare (22 palabras); confianza baja (0.39). El modelo asocia longitud con Tripadvisor.
207,Foursquare,Celupizza,Sincelejo,7.3/10,"Abril 19, 2014",Los precios y el tamaño de las pizzas son muy buenas. Se demoran en limpiar las mesas.,positivo,neutral,0.35591134,positivo,17,True,2014.0,"Foursquare cerca del umbral: lugares de 6,x y 7,x no se distinguen por el texto",,reseña mixta,Elogio de precios y tamaño más una queja por la limpieza.
