ID,fold
380,4
196,3
723,4
522,4
1126,1
509,3
1167,1
268,3
252,0
225,1
418,4
839,1
1281,3
1269,0
360,0
535,0
483,3
1260,0
1114,0
613,2
1073,1
752,2
1246,1
1006,1
201,0
681,0
1161,4
1235,4
63,3
443,0
956,1
1175,3
436,4
724,2
1121,1
859,0
688,4
498,2
1244,2
93,2
155,0
400,1
887,2
599,2
200,4
455,2
1184,4
449,2
205,1
729,4
569,2
388,0
908,0
897,2
825,2
277,1
387,2
355,4
1048,0
960,3
1185,1
138,3
232,4
255,2
617,0
1109,2
759,3
110,3
1086,1
994,1
1297,3
1038,1
415,0
519,4
315,3
1256,2
72,2
221,3
696,0
630,1
161,3
977,3
129,3
756,0
340,3
1279,4
54,4
499,3
744,1
33,0
1115,0
1117,0
999,2
1077,1
426,4
945,3
629,0
488,2
313,3
809,2
69,2
627,0
689,4
1226,3
133,1
1112,1
890,4
279,1
570,3
1002,4
119,2
471,2
269,3
371,2
147,2
444,0
733,1
991,0
246,3
178,3
1179,2
1096,1
1242,4
536,4
845,4
472,1
236,2
957,2
180,0
891,3
954,4
292,2
96,1
820,0
369,1
655,0
241,2
1232,1
872,0
669,1
937,0
721,4
749,0
1238,3
412,2
983,0
719,4
335,2
913,2
928,1
452,1
1050,4
11,4
298,2
392,1
24,4
761,2
250,3
607,2
1209,0
576,0
1267,0
113,1
863,1
376,3
1081,1
311,2
700,4
711,3
208,0
173,2
703,3
1165,4
1113,2
1104,2
530,2
151,1
512,3
1272,3
924,0
524,0
1031,4
708,0
849,0
906,2
487,3
851,3
290,3
1229,3
406,2
439,0
620,2
1206,4
746,0
668,0
633,4
70,3
929,3
1164,4
838,1
197,2
106,1
317,2
202,4
301,3
1110,1
364,1
267,2
1101,1
1217,0
540,1
68,3
507,3
1293,4
314,4
1119,4
73,0
248,4
1049,0
1142,1
7,2
490,4
529,3
347,3
1131,3
240,2
10,0
1207,1
1271,4
141,4
528,1
469,1
494,0
832,0
802,3
549,0
134,2
321,0
1182,1
1009,4
740,0
552,4
737,0
1262,3
1090,3
4,3
100,3
304,0
993,0
481,4
1264,1
763,3
755,2
1122,3
74,4
726,2
944,0
381,4
1239,0
1012,0
27,4
493,1
1215,1
641,2
368,0
1032,3
1102,3
1108,1
259,4
99,2
854,1
835,2
984,4
898,3
1192,2
25,4
857,0
136,3
889,2
1046,2
1068,3
925,1
52,2
1166,0
598,2
162,4
1285,0
722,0
1094,2
1197,3
1069,0
217,4
1296,2
538,1
643,4
303,4
1234,3
1015,2
807,3
1147,0
624,3
377,3
1125,2
1183,1
735,2
163,4
121,1
1128,4
793,0
771,2
1055,3
586,2
855,0
424,4
821,1
777,3
521,1
595,0
1155,3
816,4
62,4
1030,1
61,0
568,2
1265,2
978,4
932,4
434,4
796,1
1037,0
562,1
684,3
1078,3
429,0
567,3
1074,3
870,3
833,3
1273,3
13,3
811,1
923,2
1033,2
94,1
35,1
637,1
841,1
912,2
975,0
1146,1
893,0
375,2
28,1
1071,1
1,2
718,2
1062,0
662,4
224,3
1133,2
1001,2
806,4
717,1
57,1
603,2
417,4
782,2
451,0
390,1
592,3
271,2
635,4
210,0
1021,2
440,0
670,0
81,1
47,1
445,2
1277,3
432,3
1018,0
1099,0
502,4
79,3
501,4
830,0
1143,2
934,2
972,3
109,3
1259,3
550,4
474,4
609,1
685,0
747,4
935,2
454,0
976,1
187,1
1027,0
659,1
278,1
564,4
1123,1
395,4
682,3
846,1
457,4
544,2
766,4
680,4
1225,0
1097,2
606,1
551,2
904,1
628,2
1163,1
366,4
511,1
758,4
1204,2
693,1
143,2
160,0
265,2
650,3
805,0
1061,3
986,0
539,3
671,4
590,0
8,1
437,3
1111,3
1245,4
169,4
18,3
862,2
1052,1
860,2
102,3
157,3
931,2
40,1
229,0
858,0
1051,4
985,3
822,3
764,0
379,3
184,4
405,0
933,1
190,3
909,2
584,2
547,3
344,0
65,3
192,2
1103,0
5,4
486,4
348,4
667,3
182,1
19,2
1295,2
531,4
1144,2
1136,1
1072,2
495,4
60,4
927,2
1035,4
211,0
775,0
826,3
235,2
1138,2
1231,1
817,4
15,0
702,4
204,4
92,0
1017,1
663,4
705,4
120,2
416,1
1287,3
1092,2
189,3
1199,2
1091,3
188,0
430,0
1023,4
9,0
1098,0
621,1
137,4
853,1
557,1
431,3
191,0
797,4
647,0
247,2
642,2
332,2
894,2
632,2
394,2
357,3
1159,0
966,1
1205,1
244,0
1190,2
795,1
951,4
1156,3
1041,4
1221,3
939,4
1288,4
674,0
238,4
1029,3
172,2
649,3
1149,3
730,1
399,2
82,2
610,0
1180,1
651,1
149,0
441,4
762,3
942,4
67,1
1227,4
712,3
127,1
318,0
961,3
410,3
152,0
198,0
901,4
791,2
888,2
142,3
263,4
653,4
560,0
884,1
30,2
1178,1
272,4
1275,4
1042,3
492,2
686,2
836,1
652,1
1060,1
716,2
1140,3
948,1
829,2
264,1
16,2
871,4
480,3
1148,4
158,1
427,1
420,2
611,2
778,1
819,4
787,0
212,2
697,0
636,4
193,0
1266,2
456,2
1011,3
55,2
209,0
614,1
1151,4
21,2
760,3
450,2
101,3
1258,1
275,4
2,1
1236,3
745,2
3,3
1044,4
408,0
220,4
203,0
790,0
476,4
1198,3
638,1
334,3
227,1
666,0
1240,0
467,1
32,1
1152,0
878,4
965,2
270,0
186,4
20,4
706,1
1298,1
785,2
770,1
577,0
206,2
814,0
291,0
571,1
125,2
310,1
714,1
936,4
1194,4
76,3
1076,4
482,1
442,4
523,0
1181,0
861,4
899,1
623,4
1134,2
803,4
42,0
384,1
844,3
484,4
554,1
699,3
266,3
118,4
873,3
1024,4
496,1
1040,0
282,4
690,0
665,3
973,4
1065,0
1036,0
589,1
526,1
1100,0
1153,4
765,1
731,3
383,3
938,2
679,3
1019,3
223,3
283,3
774,1
1084,0
297,3
251,1
518,4
363,4
713,0
489,0
421,1
553,0
907,3
170,0
130,2
1145,3
792,1
974,1
769,0
1253,2
397,2
91,0
316,1
852,4
233,0
45,4
470,3
428,3
1162,4
600,2
1270,1
750,1
955,4
1064,3
226,1
43,4
694,3
565,0
930,3
776,0
358,4
306,4
1106,0
583,1
837,0
865,4
411,4
1028,3
479,3
89,0
128,0
572,2
911,0
1252,2
625,4
1053,2
661,1
779,0
921,2
46,1
1045,3
979,2
1248,1
742,4
382,3
402,4
403,4
1137,1
885,3
867,2
1237,4
322,4
660,1
619,3
414,4
905,0
174,4
29,0
794,3
1116,4
140,3
284,2
900,0
556,2
116,2
222,1
508,3
543,1
1263,2
131,1
243,1
446,1
588,3
648,3
1191,3
31,1
1047,2
253,2
1201,1
605,0
953,2
153,4
218,3
1208,0
922,3
1022,2
254,1
910,3
83,1
926,0
1228,4
145,4
804,0
1280,0
86,3
1139,0
827,2
967,3
828,0
