escenario,n,acc solo texto,degradación solo texto,acc final,degradación final
Solo Foursquare (cambia la plataforma),90,0.7,-0.16324786324786333,1.0,0.002849002849002802
Solo Tripadvisor (cambia la plataforma),261,0.9195402298850575,0.05629236663719417,0.9961685823754789,-0.0009824147755183033
Reseñas hasta 2014 (otra época),85,0.6823529411764706,-0.18089492207139268,1.0,0.002849002849002802
Reseñas de 2019 en adelante (otra época),127,0.952755905511811,0.0895080422639477,1.0,0.002849002849002802
"Solo Sincelejo (otro destino: ciudad, no playa)",81,0.6296296296296297,-0.23361823361823364,1.0,0.002849002849002802
Solo Coveñas (otro destino),127,0.9291338582677166,0.06588599501985326,0.9921259842519685,-0.00502501289902868
Lugares no vistos en el entrenamiento,8,0.875,0.01175213675213671,1.0,0.002849002849002802
Reseñas de más de 60 palabras,69,0.9855072463768116,0.12225938312894835,1.0,0.002849002849002802
Texto ruidoso: erratas en 15 % de las letras,351,0.6837606837606838,-0.17948717948717952,0.9971509971509972,0.0
Texto ruidoso: palabras pegadas (30 % de los espacios),351,0.8490028490028491,-0.014245014245014231,0.9971509971509972,0.0
Cambian los metadatos: sin valoración (se reemplaza por '?'),351,0.8632478632478633,0.0,0.9572649572649573,-0.03988603988603989
Cambian los metadatos: valoración de Tripadvisor llevada a escala de 10 (4.5/5 -> 9.0/10),351,0.8632478632478633,0.0,0.9686609686609686,-0.028490028490028574
